{"0": {"L2": 2.8218480988340304, "L34": 1.8302090723559175, "L4": 1.490466214297328, "L5st": 2.305499143244406, "L5tt": 1.7127529635876306, "L6cc": 1.643858509941611, "L6ct": 1.8125931978293774, "VPM": 0.4508589124544968}, "1": {"L2": 2.216250829289067, "L34": 1.7227434822815137, "L4": 1.4336111270144833, "L5st": 1.941315002591765, "L5tt": 1.6448357163976095, "L6cc": 1.590734229797625, "L6ct": 1.7783087113036486, "VPM": 0.43167014370756024}, "2": {"L2": 2.341849168641256, "L34": 1.7415198939295546, "L4": 1.446646759576146, "L5st": 2.018103695719639, "L5tt": 1.6434005806035175, "L6cc": 1.5884706918132347, "L6ct": 1.771426871754029, "VPM": 0.4268787884120808}, "3": {"L2": 2.1473864517427863, "L34": 1.698683214631696, "L4": 1.4213855060717495, "L5st": 1.8832410357429503, "L5tt": 1.629448028626755, "L6cc": 1.5743089228011056, "L6ct": 1.7629642736394033, "VPM": 0.4299269968415117}, "4": {"L2": 2.1365122937568857, "L34": 1.7003482324934036, "L4": 1.4219844340301417, "L5st": 1.869658898362971, "L5tt": 1.637724702229257, "L6cc": 1.580450832306185, "L6ct": 1.769042530979279, "VPM": 0.42633747493660684}, "5": {"L2": 2.1989037620614735, "L34": 1.7200009681785609, "L4": 1.4338127701341752, "L5st": 1.9202399453818892, "L5tt": 1.650575142636494, "L6cc": 1.5937530460430307, "L6ct": 1.779875385630783, "VPM": 0.4266270571624632}, "6": {"L2": 2.147352961305942, "L34": 1.698419362729306, "L4": 1.4210265588127342, "L5st": 1.8827807130567973, "L5tt": 1.6294345255386617, "L6cc": 1.5743400435875408, "L6ct": 1.7627564998651735, "VPM": 0.4210148699624969}, "7": {"L2": 1.9353226218610502, "L34": 1.5306191631475297, "L4": 1.290921657410737, "L5st": 1.6876787417074008, "L5tt": 1.4507163975055968, "L6cc": 1.3999156855247126, "L6ct": 1.5864451983741497, "VPM": 0.37121143844737814}, "8": {"L2": 2.0788164162860374, "L34": 1.688261518305935, "L4": 1.41817664621145, "L5st": 1.8351562335614506, "L5tt": 1.6303670313220053, "L6cc": 1.572197983387282, "L6ct": 1.7688425776345647, "VPM": 0.42843596186003746}, "9": {"L2": 2.3273080830193793, "L34": 1.7367961090525093, "L4": 1.441295592727565, "L5st": 2.0170085930544395, "L5tt": 1.6612561348618073, "L6cc": 1.6060843865784562, "L6ct": 1.7867166127105876, "VPM": 0.44919098506817845}, "10": {"L2": 2.120256508709365, "L34": 1.6991419670007928, "L4": 1.424767185952692, "L5st": 1.8575796418850523, "L5tt": 1.6352503458772545, "L6cc": 1.5785270487834988, "L6ct": 1.772573049397635, "VPM": 0.4382900419615642}, "11": {"L2": 2.176319326015391, "L34": 1.7169720950993728, "L4": 1.4320370339717872, "L5st": 1.9074885336176401, "L5tt": 1.653981499337697, "L6cc": 1.5951555687569885, "L6ct": 1.7802283542272501, "VPM": 0.4292715062377961}, "12": {"L2": 2.103421654486386, "L34": 1.6979454958442446, "L4": 1.420730039767199, "L5st": 1.850662968300418, "L5tt": 1.6419899136032101, "L6cc": 1.5831685786698795, "L6ct": 1.7751065279115246, "VPM": 0.4294299161246823}, "13": {"L2": 2.4403664544222003, "L34": 1.7822287963826202, "L4": 1.472122762075965, "L5st": 2.0943472090193938, "L5tt": 1.7035468403823106, "L6cc": 1.643185486452732, "L6ct": 1.8217001459425806, "VPM": 0.45597782296851586}, "14": {"L2": 2.139847202301498, "L34": 1.702173410039102, "L4": 1.423119252710654, "L5st": 1.8717591811690248, "L5tt": 1.6387231137196632, "L6cc": 1.5818807732972275, "L6ct": 1.769806196677751, "VPM": 0.4315328491798093}, "15": {"L2": 2.2282802276245395, "L34": 1.736031167771106, "L4": 1.4461370492701735, "L5st": 1.9506985445186398, "L5tt": 1.6714730335610746, "L6cc": 1.6127076691679356, "L6ct": 1.7982492573049533, "VPM": 0.44145864254896977}, "16": {"L2": 2.146342762606754, "L34": 1.7078142639750613, "L4": 1.4281618012840334, "L5st": 1.8775705194503032, "L5tt": 1.646206324853764, "L6cc": 1.5872844313302927, "L6ct": 1.7787651867053984, "VPM": 0.42958647342661915}, "17": {"L2": 1.6829451112767966, "L34": 1.2120440642864376, "L4": 1.0217700250994772, "L5st": 1.3384702060064946, "L5tt": 1.1213033341499927, "L6cc": 1.0614262203960743, "L6ct": 1.2424872003739238, "VPM": 0.42783733830794335}, "18": {"L2": 1.5276588669403153, "L34": 1.198845600487616, "L4": 1.0187952275478407, "L5st": 1.2966653087883688, "L5tt": 1.1196777691489632, "L6cc": 1.059927463236969, "L6ct": 1.2463994791884132, "VPM": 0.20877703394253863}, "19": {"L2": 1.5842791587705114, "L34": 1.209247585907385, "L4": 1.024037098791148, "L5st": 1.3249201051787467, "L5tt": 1.1227123926858127, "L6cc": 1.0627100867146164, "L6ct": 1.2471304626534792, "VPM": 0.20472823253672773}, "20": {"L2": 1.5189129403410615, "L34": 1.1974014417658736, "L4": 1.0175897675575933, "L5st": 1.2933378831160727, "L5tt": 1.1190750517334793, "L6cc": 1.0597074336705157, "L6ct": 1.2462360337877971, "VPM": 0.20939666139524152}, "21": {"L2": 1.5196469828907468, "L34": 1.1980066504221203, "L4": 1.018133975664583, "L5st": 1.2941302673198654, "L5tt": 1.1195300528442973, "L6cc": 1.0601879820464055, "L6ct": 1.2467646705358715, "VPM": 0.21485117591090658}, "22": {"L2": 1.590454441003974, "L34": 1.2103451565483283, "L4": 1.0235538886893338, "L5st": 1.3301517100122482, "L5tt": 1.126228895767204, "L6cc": 1.066010564009224, "L6ct": 1.2493681759493376, "VPM": 0.4460910571004367}, "23": {"L2": 1.6013121532335077, "L34": 1.213081225275148, "L4": 1.0255785375852284, "L5st": 1.335816717424739, "L5tt": 1.1267912200862222, "L6cc": 1.0671095908033918, "L6ct": 1.249644746301323, "VPM": 0.4450803353258864}, "24": {"L2": 1.5277589725703886, "L34": 1.1987576816392767, "L4": 1.0187232454455997, "L5st": 1.296630188957524, "L5tt": 1.1196110274264746, "L6cc": 1.0598155219219443, "L6ct": 1.2463226470841486, "VPM": 0.20922477461674277}, "25": {"L2": 1.6007065047852926, "L34": 1.2124213584587138, "L4": 1.0250900379453156, "L5st": 1.3353457576902672, "L5tt": 1.1261946062749222, "L6cc": 1.0664301646843726, "L6ct": 1.2491068229684215, "VPM": 0.43282956093740677}, "27": {"L2": 1.9725143396689337, "L34": 1.4730711300653787, "L4": 1.233489066024384, "L5st": 1.6722708312522052, "L5tt": 1.3826178476591207, "L6cc": 1.3298340485918168, "L6ct": 1.5130988929214575, "VPM": 0.3528390284384476}, "28": {"L2": 2.032456768005645, "L34": 1.480034627659172, "L4": 1.235174260610322, "L5st": 1.7015055081097317, "L5tt": 1.387466787813682, "L6cc": 1.3360808137118378, "L6ct": 1.5153909539388228, "VPM": 0.3679658784996505}, "29": {"L2": 1.7694560919985165, "L34": 1.4222020595793636, "L4": 1.2044003204406442, "L5st": 1.5348559109752702, "L5tt": 1.3529203460077455, "L6cc": 1.2974933126374688, "L6ct": 1.489252146748081, "VPM": 0.33962439280770446}, "30": {"L2": 1.8568167995378448, "L34": 1.4611474472712618, "L4": 1.2323874360012255, "L5st": 1.6059812777031497, "L5tt": 1.38412319656063, "L6cc": 1.3328938364738414, "L6ct": 1.5172622926561785, "VPM": 0.34631191116255666}, "31": {"L2": 1.895209630831746, "L34": 1.4450347817533176, "L4": 1.2136843092961525, "L5st": 1.615969536591105, "L5tt": 1.3607520016077266, "L6cc": 1.3104722914713254, "L6ct": 1.4940563028100275, "VPM": 0.3468224196651152}, "32": {"L2": 1.9626309995125477, "L34": 1.4726451114781947, "L4": 1.2311487799956224, "L5st": 1.6710210863310357, "L5tt": 1.383914734009757, "L6cc": 1.3320246001793243, "L6ct": 1.5150647342519523, "VPM": 0.3519308807192093}, "33": {"L2": 1.7577932013805202, "L34": 1.3428980019237362, "L4": 1.132425883515824, "L5st": 1.485440440249386, "L5tt": 1.26130497490055, "L6cc": 1.2067397349427176, "L6ct": 1.392238290757549, "VPM": 0.31912314670987185}, "34": {"L2": 1.7526956614236098, "L34": 1.4207182239885798, "L4": 1.2062418481616362, "L5st": 1.524637077491938, "L5tt": 1.358110175486767, "L6cc": 1.30173024949847, "L6ct": 1.4948734721315247, "VPM": 0.3422663655858342}, "35": {"L2": 1.7833905793603406, "L34": 1.4375495499562245, "L4": 1.217763007091057, "L5st": 1.5480934235664896, "L5tt": 1.3759640096393029, "L6cc": 1.3214324703992646, "L6ct": 1.512910682573274, "VPM": 0.346667461563006}, "36": {"L2": 1.958207065440261, "L34": 1.4715562892215692, "L4": 1.231481898070037, "L5st": 1.6714027584310347, "L5tt": 1.3823607474785582,