{"VPM": [[-200, 19, 20, 21, 22, 23, 24, 25, 26, 27, 28, 29, 30, 31, 32, 33, 34, 35, 40, 45, 50, 55, 60, 80, 100, 120, 140, 160, 180, 200, 220, 240, 260, 280, 300, 320, 340, 360, 380, 400, 420, 440, 460, 480, 500, 520, 540, 560, 580, 600, 620, 640, 660, 680, 700, 720, 740, 760, 780, 800, 820, 840, 860, 880, 900], [1.36986, 0.0, 14.28571, 38.095240000000004, 57.14286, 76.19048000000001, 109.52381, 114.28571, 71.42857, 52.380950000000006, 38.095240000000004, 52.380950000000006, 33.333330000000004, 47.61905, 28.57143, 14.28571, 38.095240000000004, 14.28571, 19.047620000000002, 15.2381, 8.57143, 14.28571, 11.190479999999999, 7.85714, 7.61905, 5.2381, 9.7619, 8.80952, 8.33333, 9.7619, 10.0, 7.3809499999999995, 7.14286, 8.80952, 9.285710000000002, 8.33333, 8.09524, 7.85714, 8.80952, 9.523810000000001, 10.2381, 10.476189999999999, 10.95238, 11.190479999999999, 9.7619, 12.14286, 9.7619, 10.2381, 13.095239999999999, 11.190479999999999, 12.85714, 10.95238, 9.285710000000002, 13.571430000000001, 9.047619999999998, 5.0, 0.47619, 0.0, 0.0, 0.0, 0.0, 0.23809999999999998, 0.0, 0.47619]], "L6CC": [[-200, 19, 20, 21, 22, 23, 24, 25, 26, 27, 28, 29, 30, 31, 32, 33, 34, 35, 40, 45, 50, 55, 60, 80, 100, 120, 140, 160, 180, 200, 220, 240, 260, 280, 300, 320, 340, 360, 380, 400, 420, 440, 460, 480, 500, 520, 540, 560, 580, 600, 620, 640, 660, 680, 700, 720, 740, 760, 780, 800, 820, 840, 860, 880, 900], [0.536223091, 0.0, 3.57142857, 0.0, 0.0, 143.80321700000002, 0.0, 135.484292, 36.179166800000004, 92.89840319999999, 54.2072128, 123.269301, 85.1669329, 42.261904799999996, 31.1120309, 33.3333333, 23.5119048, 6.9008587, 3.04635762, 0.952380952, 0.952380952, 1.66666667, 5.23809524, 1.2787861, 2.24019321, 2.65937508, 3.91068681, 1.52954413, 1.88375958, 1.17240127, 0.945550351, 1.2342804600000001, 1.47833724, 1.8129914500000002, 1.8707234899999998, 2.05842781, 2.50448308, 1.2904730899999999, 2.49361206, 2.29473128, 1.03836596, 1.47197192, 1.93095653, 0.808694379, 1.00204002, 1.4309268099999999, 1.0390751900000001, 2.0940445199999997, 0.398858314, 1.40746237, 1.41968249, 1.41271468, 1.5340109400000002, 1.4528144600000001, 1.74803924, 1.3796520600000002, 2.91471507, 0.7215200949999999, 0.5419728659999999, 0.40444654700000005, 0.363401437, 0.295667447, 0.105851699, 0.398591746]], "L4ss": [[-200, 19, 20, 21, 22, 23, 24, 25, 26, 27, 28, 29, 30, 31, 32, 33, 34, 35, 40, 45, 50, 55, 60, 80, 100, 120, 140, 160, 180, 200, 220, 240, 260, 280, 300, 320, 340, 360, 380, 400, 420, 440, 460, 480, 500, 520, 540, 560, 580, 600, 620, 640, 660, 680, 700, 720, 740, 760, 780, 800, 820, 840, 860, 880, 900], [1.15747, 0.0, 0.0, 3.3333299999999997, 0.0, 0.0, 0.0, 0.0, 15.91204, 29.13043, 23.043480000000002, 22.89855, 34.34783, 11.44928, 3.3333299999999997, 0.0, 0.0, 3.3333299999999997, 4.0, 0.66667, 2.66667, 2.66667, 3.71366, 2.53516, 3.0057500000000004, 3.4154799999999996, 1.75287, 3.46428, 2.03516, 3.58621, 2.66667, 1.50575, 2.35666, 1.69608, 1.51758, 1.51758, 2.11562, 1.91954, 2.43137, 3.5294100000000004, 2.66667, 3.25287, 2.08621, 2.5, 2.16667, 2.5057500000000004, 3.10379, 2.16667, 1.4252900000000002, 2.83717, 3.0, 2.11562, 3.18808, 2.0, 2.0, 2.0, 1.76471, 1.33333, 0.83333, 0.26471, 0.76471, 0.57246, 0.4058, 0.23913]], "L5TT": [[-200, 19, 20, 21, 22, 23, 24, 25, 26, 27, 28, 29, 30, 31, 32, 33, 34, 35, 40, 45, 50, 55, 60, 80, 100, 120, 140, 160, 180, 200, 220, 240, 260, 280, 300, 320, 340, 360, 380, 400, 420, 440, 460, 480, 500, 520, 540, 560, 580, 600, 620, 640, 660, 680, 700, 720, 740, 760, 780, 800, 820, 840, 860, 880, 900], [2.16226, 1.08108, 3.2748500000000003, 3.54305, 0.3252, 1.64446, 1.67449, 4.723940000000001, 14.66667, 37.28979, 61.48892, 57.622189999999996, 43.73781, 56.66401, 30.824939999999998, 18.53883, 4.64242, 5.813149999999999, 2.72998, 6.54799, 8.61074, 3.52475, 3.9987599999999994, 6.5729500000000005, 11.23286, 9.045549999999999, 5.62618, 5.3193, 6.03566, 7.28842, 5.25555, 6.80474, 5.39578, 6.30508, 6.82545, 6.45775, 6.37406, 5.08756, 6.6391, 7.259790000000001, 5.0612699999999995, 6.17644, 6.32364, 6.27671, 5.58887, 5.34255, 6.7780000000000005, 5.38644, 5.31972, 6.6769300000000005, 5.35597, 6.02466, 5.76317, 6.41854, 5.4001600000000005, 6.46505, 4.5904300000000005, 2.6633400000000003, 2.02163, 1.60612, 1.09666, 2.3117799999999997, 1.5542500000000001, 1.30906]], "INT": [[-200, 19, 20, 21, 22, 23, 24, 25, 26, 27, 28, 29, 30, 31, 32, 33, 34, 35, 40, 45, 50, 55, 60, 80, 100, 120, 140, 160, 180, 200, 220, 240, 260, 280, 300, 320, 340, 360, 380, 400, 420, 440, 460, 480, 500, 520, 540, 560, 580, 600, 620, 640, 660, 680, 700, 720, 740, 760, 780, 800, 820, 840, 860, 880, 900], [2.5109500000000002, 4.4969600000000005, 4.09495, 1.51515, 4.1948799999999995, 41.28788, 18.78341, 92.88905, 200.87337, 159.59459, 127.2792, 95.21312, 97.20255, 78.50266, 47.62997, 28.74596, 25.28052, 7.32227, 3.88839, 1.43882, 2.71377, 3.32994, 3.54427, 9.24889, 10.0747, 9.85577, 9.78178, 8.71505, 7.712260000000001, 6.59895, 8.11807, 6.6922, 6.619759999999999, 6.66228, 6.7164, 6.942740000000001, 7.16889, 6.9322799999999996, 6.19805, 4.8379, 5.472379999999999, 6.2619, 6.47745, 6.41854, 6.74207, 6.4216500000000005, 6.7333300000000005, 6.66788, 5.86395, 6.52652, 6.847759999999999, 6.43377, 5.96619, 5.76195, 6.20149, 7.18102, 3.32066, 1.7555699999999999, 1.37219, 0.65039, 0.5423399999999999, 1.39958, 0.94145, 1.2355]], "L23": [[-200, 19, 20, 21, 22, 23, 24, 25, 26, 27, 28, 29, 30, 31, 32, 33, 34, 35, 40, 45, 50, 55, 60, 80, 100, 120, 140, 160, 180, 200, 220, 240, 260, 280, 300, 320, 340, 360, 380, 400, 420, 440, 460, 480, 500, 520, 540, 560, 580, 600, 620, 640, 660, 680, 700, 720, 740, 760, 780, 800, 820, 840, 860, 880, 900], [0.53272, 0.0, 0.0, 0.0, 0.0, 0.0, 4.16667, 8.33333, 0.0, 0.0, 0.0, 0.0, 0.0, 0.0, 0.0, 4.16667, 0.0, 0.83333, 0.0, 0.0, 0.0, 0.0, 0.83333, 1.25, 1.0416699999999999, 1.0416699999999999, 0.625, 1.66667, 1.25, 1.25, 2.08333, 0.20833000000000002, 1.25, 1.0416699999999999, 1.0416699999999999, 1.25, 0.625, 0.20833000000000002, 1.25, 0.625, 0.41667, 0.83333, 0.20833000000000002, 0.41667, 0.625, 0.625, 0.83333, 0.83333, 0.0, 1.0416699999999999, 0.83333, 0.41667, 0.20833000000000002, 0.83333, 1.66667, 0.83333, 1.25, 0.625, 1.0416699999999999, 0.20833000000000002, 0.0, 0.0, 0.0, 0.0]], "L5ST": [[-200, 19, 20, 21, 22, 23, 24, 25, 26, 27, 28, 29, 30, 31, 32, 33, 34, 35, 40, 45, 50, 55, 60, 80, 100, 120, 140, 160, 180, 200, 220, 240, 260, 280, 300, 320, 340, 360, 380, 400, 420, 440, 460, 480, 500, 520, 540, 560, 580, 600, 620, 640, 660, 680, 700, 720, 740, 760, 780, 800, 820, 840, 860, 880, 900], [1.30593, 0.0, 0.0, 3.7037, 0.0, 3.89157, 8.51852, 0.0, 0.0, 11.11111, 0.0, 0.0, 0.0, 0.0, 0.0, 0.0, 3.7037, 0.0, 0.61728, 0.61728, 0.16103, 1.85185, 0.42002, 0.8522500000000001, 1.8988200000000002, 2.18062, 2.2759, 3.2596600000000002, 2.20397, 2.0558199999999998, 2.2256400000000003, 1.5678999999999998, 1.74114, 2.56173, 1.9323000000000001, 0.95679, 0.82736, 1.843, 1.31508, 2.2813999999999997, 2.1672000000000002, 1.917, 1.92297, 1.88003, 0.75013, 2.08991, 2.7785100000000003, 2.32146, 2.03106, 1.73779, 0.9696, 0.79093, 1.6331200000000001, 1.0781, 2.1766, 2.33682, 1.76865, 1.9478600000000001, 2.07816, 0.92593, 0.9661799999999999, 0.7037, 0.67901, 0.8642]], "inactive": [[-200, 19, 20, 21, 22, 23, 24, 25, 26, 27, 28, 29, 30, 31, 32, 33, 34, 35, 40, 45, 50, 55, 60, 80, 100, 120, 140, 160, 180, 200, 220, 240, 260, 280, 300, 320, 340, 360, 380, 400, 420, 440, 460, 480, 500, 520, 540, 560, 580, 600, 620, 640, 660, 680, 700, 720, 740, 760, 780, 800, 820, 840, 860, 880, 900], [0.0, 0.0, 0.0, 0.0, 0.0, 0.0, 0.0, 0.0, 0.0, 0.0, 0.0, 0.0, 0.0, 0.0, 0.0, 0.0, 0.0, 0.0, 0.0, 0.0, 0.0, 0.0, 0.0, 0.0, 0.0, 0.0, 0.0, 0.0, 0.0, 0.0, 0.0, 0.0, 0.0, 0.0, 0.0, 0.0, 0.0, 0.0, 0.0, 0.0, 0.0, 0.0, 0.0, 0.0, 0.0, 0.0, 0.0, 0.0, 0.0, 0.0, 0.0, 0.0, 0.0, 0.0, 0.0, 0.0, 0.0, 0.0, 0.0, 0.0, 0.0, 0.0, 0.0, 0.0]]}